Date,S&P500,Obligations,Bitcoin,Ethereum,BNB,UNI,USDT
2024-01-01,,,44167.33203125,2352.327880859375,314.4082946777344,0.0002209999947808683,1.0003679990768433
2024-01-02,4742.830078125,91.53819274902344,44957.96875,2355.83642578125,312.10382080078125,0.00022499999613501132,1.0005069971084595
2024-01-03,4704.81005859375,91.7574234008789,42848.17578125,2210.761962890625,316.6612854003906,0.00021399999968707561,1.0006569623947144
2024-01-04,4688.68017578125,91.20454406738281,44179.921875,2269.0380859375,323.6000061035156,0.0002209999947808683,1.0010319948196411
2024-01-05,4697.240234375,90.87092590332031,44162.69140625,2268.647216796875,317.4502868652344,0.0002209999947808683,1.000877022743225
2024-01-06,,,43989.1953125,2241.624755859375,307.79449462890625,0.00022000000171829015,1.0005919933319092
2024-01-07,,,43943.09765625,2222.865966796875,302.8905334472656,0.00022000000171829015,1.0006070137023926
2024-01-08,4763.5400390625,91.17596435546875,46970.50390625,2333.03271484375,304.5003967285156,0.00023499999952036887,1.0005990266799927
2024-01-09,4756.5,91.13782501220703,46139.73046875,2344.8271484375,300.9761047363281,0.00018899999849963933,1.0001660585403442
2024-01-10,4783.4501953125,90.99485778808594,46627.77734375,2582.103515625,305.0968322753906,0.00019099999917671084,1.000223994255066
2024-01-11,4780.240234375,91.4809799194336,46368.5859375,2619.619140625,308.7015075683594,0.0001900000061141327,1.0002470016479492
2024-01-12,4783.830078125,91.72883605957031,42853.16796875,2524.460205078125,296.6304626464844,0.00017600000137463212,0.999908983707428
2024-01-13,,,42842.3828125,2576.597900390625,302.227294921875,0.00017600000137463212,0.9999759793281555
2024-01-14,,,41796.26953125,2472.2412109375,299.05133056640625,0.00017100000695791095,0.9994900226593018
2024-01-15,,,42511.96875,2511.36376953125,317.5672607421875,0.0001740000006975606,0.9997230172157288
2024-01-16,4765.97998046875,90.98532104492188,43154.9453125,2587.691162109375,315.22625732421875,0.00017699999443721026,0.9998689889907837
2024-01-17,4739.2099609375,90.68981170654297,42742.65234375,2528.369384765625,309.08538818359375,0.00017499999376013875,0.9991880059242249
2024-01-18,4780.93994140625,90.4896469116211,41262.05859375,2467.018798828125,313.2928771972656,0.00016900000628083944,0.9992049932479858
2024-01-19,4839.81005859375,90.49917602539062,41618.40625,2489.49853515625,314.3004455566406,0.00017100000695791095,0.9991859793663025
2024-01-20,,,41665.5859375,2469.589111328125,316.96038818359375,0.00017100000695791095,0.9993109703063965
2024-01-21,,,41545.78515625,2453.9130859375,318.3186950683594,0.00016999999934341758,0.999439001083374
2024-01-22,4850.43017578125,90.77560424804688,39507.3671875,2310.826416015625,305.43701171875,0.00016199999663513154,0.9988530278205872
2024-01-23,4864.60009765625,90.54682159423828,39845.55078125,2240.68603515625,298.4039001464844,0.0001630000042496249,0.9992470145225525
2024-01-24,4868.5498046875,90.28945922851562,40077.07421875,2233.561767578125,293.0914306640625,0.00016399999731220305,0.999737024307251
2024-01-25,4894.16015625,90.6802749633789,39933.80859375,2217.710205078125,291.9192810058594,0.00016399999731220305,0.9997169971466064
2024-01-26,4890.97021484375,90.51824188232422,41816.87109375,2267.19970703125,302.3179931640625,0.00017100000695791095,0.9999859929084778
2024-01-27,,,42120.0546875,2267.885986328125,305.8248291015625,0.00017299999308306724,1.000046968460083
2024-01-28,,,42035.59375,2257.208740234375,304.9756164550781,0.0001720000000204891,1.0000009536743164
2024-01-29,4927.93017578125,91.06156921386719,43288.24609375,2317.064208984375,310.7080078125,0.00017699999443721026,1.0001250505447388
2024-01-30,4924.97021484375,91.18549346923828,42952.609375,2344.49365234375,307.4627380371094,0.00017600000137463212,1.0000280141830444
2024-01-31,4845.64990234375,91.94808197021484,42582.60546875,2282.54443359375,300.35107421875,0.00017499999376013875,1.0000280141830444
2024-02-01,4906.18994140625,92.51758575439453,43075.7734375,2303.82470703125,300.1759033203125,0.00017699999443721026,0.9999330043792725
2024-02-02,4958.60986328125,91.3135757446289,43185.859375,2308.0380859375,301.15496826171875,0.00017699999443721026,0.9997140169143677
2024-02-03,,,42992.25,2296.038330078125,299.7367248535156,0.00017600000137463212,0.999809980392456
2024-02-04,,,42583.58203125,2289.546142578125,304.7341613769531,0.00017499999376013875,0.9997199773788452
2024-02-05,4942.81005859375,90.42489624023438,42658.66796875,2298.888916015625,300.8540344238281,0.00017499999376013875,0.9987949728965759
2024-02-06,4954.22998046875,90.91223907470703,43084.671875,2372.201904296875,302.71014404296875,0.00017699999443721026,0.9999819993972778
2024-02-07,4995.06005859375,90.74980926513672,44318.22265625,2423.7451171875,307.63458251953125,0.00018200000340584666,0.9998239874839783
2024-02-08,4997.91015625,90.45356750488281,45301.56640625,2419.906494140625,318.87188720703125,0.00018600000475998968,1.000195026397705
2024-02-09,5026.60986328125,90.29112243652344,47147.19921875,2487.515625,323.84228515625,0.00019299999985378236,1.0004899501800537
2024-02-10,,,47771.27734375,2501.228271484375,323.1338806152344,0.000195999993593432,1.0003180503845215
2024-02-11,,,48293.91796875,2507.570556640625,320.78753662109375,0.00019799999427050352,1.0002789497375488
2024-02-12,5021.83984375,90.37712860107422,49958.22265625,2658.115966796875,327.9446105957031,0.00020500000391621143,1.0002789497375488
2024-02-13,4953.169921875,89.38333892822266,49742.44140625,2642.185302734375,324.86822509765625,0.00020399999630171806,1.0005919933319092
2024-02-14,5000.6201171875,89.71780395507812,51826.6953125,2777.90234375,334.2459716796875,0.00021300000662449747,1.000931978225708
2024-02-15,5029.72998046875,89.96623229980469,51938.5546875,2824.37890625,354.7108154296875,0.00021300000662449747,1.0009440183639526
2024-02-16,5005.56982421875,89.574462890625,52160.203125,2803.69140625,360.890380859375,0.00021399999968707561,1.0006519556045532
2024-02-17,,,51662.99609375,2786.672607421875,352.9081115722656,0.0002119999990100041,1.000359058380127
2024-02-18,,,52122.546875,2878.998046875,349.6799621582031,0.00021399999968707561,1.000236988067627
2024-02-19,,,51779.14453125,2943.57470703125,351.8070983886719,0.0002119999990100041,1.0001020431518555
2024-02-20,4975.509765625,89.72734069824219,52284.875,3013.503662109375,354.8639221191406,0.00021399999968707561,1.0001699924468994
2024-02-21,4981.7998046875,89.44066619873047,51839.1796875,2970.35546875,378.5373229980469,0.00021300000662449747,1.0000139474868774
2024-02-22,5087.02978515625,89.45023345947266,51304.97265625,2971.00732421875,382.009765625,0.0002099999983329326,0.9993600249290466
2024-02-23,5088.7998046875,89.86112213134766,50731.94921875,2921.658203125,375.319091796875,0.00020799999765586108,0.9998980164527893
2024-02-24,,,51571.1015625,2992.385986328125,381.7427978515625,0.00021100000594742596,1.000059962272644
2024-02-25,,,51733.23828125,3112.697265625,388.5517272949219,0.0002119999990100041,0.9999039769172668
2024-02-26,5069.52978515625,89.72734069824219,54522.40234375,3178.99365234375,401.6438903808594,0.0002229999954579398,1.0007179975509644
2024-02-27,5078.18017578125,89.52665710449219,57085.37109375,3244.519287109375,394.9956359863281,0.00023400000645779073,1.0003540515899658
2024-02-28,5069.759765625,89.8515625,62504.7890625,3385.703857421875,415.7716064453125,0.00040600000647827983,1.001060962677002
2024-02-29,5096.27001953125,90.03312683105469,61198.3828125,3341.919677734375,399.7787170410156,0.0002699999895412475,1.0004019737243652
2024-03-01,5137.080078125,90.44416046142578,62440.6328125,3435.053955078125,407.8107604980469,0.0002749999985098839,1.0006779432296753
2024-03-02,,,62029.84765625,3422.0498046875,410.9858703613281,0.0002730000123847276,1.0006059408187866
2024-03-03,,,63167.37109375,3490.99365234375,414.3810729980469,0.00027799999224953353,1.0004509687423706
2024-03-04,5130.9501953125,90.24295043945312,68330.4140625,3630.433837890625,419.0354309082031,0.0003009999927598983,1.001291036605835
2024-03-05,5078.64990234375,90.79862976074219,63801.19921875,3554.964599609375,394.6617431640625,0.00019200000679120421,1.0013079643249512
2024-03-06,5104.759765625,91.01900482177734,66106.8046875,3819.226318359375,429.011962890625,0.00019799999427050352,1.000445008277893
2024-03-07,5157.35986328125,91.17230987548828,66925.484375,3874.34765625,475.2906494140625,0.00021399999968707561,1.0014009475708008
2024-03-08,5123.68994140625,91.2393569946289,68300.09375,3892.06103515625,488.09417724609375,0.00021899999410379678,1.0021899938583374
2024-03-09,,,68498.8828125,3915.4189453125,489.56182861328125,0.00021899999410379678,1.0021530389785767
2024-03-10,,,69019.7890625,3881.193115234375,529.374755859375,0.00022000000171829015,1.0009939670562744
2024-03-11,5117.93994140625,91.12438201904297,72123.90625,4066.445068359375,522.718017578125,0.00023099999816622585,1.0002750158309937
2024-03-12,5175.27001953125,90.750732421875,71481.2890625,3980.273193359375,537.86572265625,0.00022899999748915434,1.0000920295715332
2024-03-13,5165.31005859375,90.54954528808594,73083.5,4006.45703125,630.5613403320312,0.00023400000645779073,1.0005170106887817
2024-03-14,5150.47998046875,89.87885284423828,71396.59375,3883.140380859375,602.9887084960938,0.00022899999748915434,0.9996790289878845
2024-03-15,5117.08984375,89.7255859375,69403.7734375,3735.22021484375,632.8027954101562,0.00022200000239536166,1.0001239776611328
2024-03-16,,,65315.1171875,3522.860107421875,576.7752075195312,0.00020900000527035445,0.999243974685669
2024-03-17,,,68390.625,3642.4130859375,571.0855712890625,0.00021899999410379678,0.9993709921836853
2024-03-18,5149.419921875,89.62017822265625,67548.59375,3517.985107421875,554.55712890625,0.00021699999342672527,0.9999160170555115
2024-03-19,5178.509765625,89.87885284423828,61912.7734375,3157.6181640625,507.0765686035156,0.00019799999427050352,0.9994800090789795
2024-03-20,5224.6201171875,90.08965301513672,67913.671875,3513.39306640625,556.7005004882812,0.00021699999342672527,1.0002590417861938
2024-03-21,5241.52978515625,90.09923553466797,65491.390625,3492.9912109375,553.2482299804688,0.0002099999983329326,0.9998049736022949
2024-03-22,5234.18017578125,90.53995513916016,63778.76171875,3333.68798828125,551.778564453125,0.00020300000323913991,1.0002659559249878
2024-03-23,,,64062.203125,3336.593994140625,551.8795166015625,0.00020500000391621143,1.000303030014038
2024-03-24,,,67234.171875,3454.636474609375,567.9948120117188,0.00021499999274965376,0.9999840259552002
2024-03-25,5218.18994140625,90.30043029785156,69958.8125,3590.8837890625,587.4276123046875,0.00022400000307243317,1.0002230405807495
2024-03-26,5203.580078125,90.4345703125,69987.8359375,3587.5048828125,580.1505126953125,0.00022400000307243317,1.0000189542770386
2024-03-27,5248.490234375,90.77946472167969,69455.34375,3500.115234375,574.5115966796875,0.0002229999954579398,0.9996470212936401
2024-03-28,5254.35009765625,90.69324493408203,70744.953125,3561.2939453125,583.2708740234375,0.00022600000374950469,1.000100016593933
2024-03-29,,,69892.828125,3511.80615234375,612.657958984375,0.00022400000307243317,1.0004899501800537
2024-03-30,,,69645.3046875,3507.9443359375,601.016357421875,0.0002229999954579398,1.000430941581726
2024-03-31,,,71333.6484375,3647.8564453125,606.9086303710938,0.0002280000044265762,1.000040054321289
2024-04-01,5243.77001953125,89.87265014648438,69702.1484375,3505.030029296875,576.3966674804688,0.0002229999954579398,1.0004119873046875
2024-04-02,5205.81005859375,89.68046569824219,65446.97265625,3277.234619140625,550.6814575195312,0.00020900000527035445,1.0002260208129883
2024-04-03,5211.490234375,89.7861557006836,65980.8125,3311.44189453125,562.0196533203125,0.00021100000594742596,1.0003180503845215
2024-04-04,5147.2099609375,90.09364318847656,68508.84375,3330.04052734375,585.4415283203125,0.00021899999410379678,1.0003830194473267
2024-04-05,5204.33984375,89.49790954589844,67837.640625,3318.88525390625,578.9669189453125,0.00021699999342672527,1.0002739429473877
2024-04-06,,,68896.109375,3354.183837890625,585.966796875,0.0002209999947808683,1.000223994255066
2024-04-07,,,69362.5546875,3453.49462890625,584.1021728515625,0.00022200000239536166,0.9999240040779114
2024-04-08,5202.39013671875,89.29610443115234,71631.359375,3695.292724609375,586.9009399414062,0.00026500000967644155,1.0001660585403442
2024-04-09,5209.91015625,89.65164184570312,69139.015625,3505.163330078125,580.830322265625,0.00020799999765586108,0.999763011932373
2024-04-10,5160.64013671875,88.46012878417969,70587.8828125,3543.737060546875,610.0839233398438,0.0002119999990100041,1.0001169443130493
2024-04-11,5199.06005859375,88.335205078125,70060.609375,3505.247802734375,604.893798828125,0.0002099999983329326,1.0005500316619873
2024-04-12,5123.41015625,88.70035552978516,67195.8671875,3243.034912109375,596.380126953125,0.00020199999562464654,1.0004479885101318
2024-04-13,,,63821.47265625,3004.900390625,554.2998046875,0.00019200000679120421,1.0012129545211792
2024-04-14,,,65738.7265625,3156.94189453125,567.2184448242188,0.00019700000120792538,1.00108003616333
2024-04-15,5061.81982421875,88.1334228515625,63426.2109375,3101.600341796875,552.87451171875,0.0001900000061141327,1.0003770589828491
2024-04-16,5051.41015625,87.78748321533203,63811.86328125,3084.920166015625,537.829345703125,0.00019099999917671084,1.000393033027649
2024-04-17,5022.2099609375,88.3448257446289,61276.69140625,2984.7275390625,534.416015625,0.00018400000408291817,0.9999939799308777
2024-04-18,5011.1201171875,88.03733825683594,63512.75390625,3066.027587890625,552.172119140625,0.0001900000061141327,1.0005509853363037
2024-04-19,4967.22998046875,88.15264129638672,63843.5703125,3059.278564453125,554.8892822265625,0.00019200000679120421,1.000594973564148
2024-04-20,,,64994.44140625,3157.627197265625,570.9605102539062,0.00019500000053085387,1.0004290342330933
2024-04-21,,,64926.64453125,3147.28857421875,579.6199340820312,0.00019500000053085387,1.0002130270004272
2024-04-22,5010.60009765625,88.16224670410156,66837.6796875,3201.652099609375,605.5755004882812,0.00019999999494757503,1.0003360509872437
2024-04-23,5070.5498046875,88.27755737304688,66407.2734375,3219.91162109375,606.8406372070312,0.00019999999494757503,1.0000929832458496
2024-04-24,5071.6298828125,88.00849151611328,64276.8984375,3139.80517578125,608.0861206054688,0.00019299999985378236,0.9998019933700562
2024-04-25,5048.419921875,87.67218780517578,64481.70703125,3156.509521484375,614.0050048828125,0.0001939999929163605,0.9998270273208618
2024-04-26,5099.9599609375,87.91242218017578,63755.3203125,3130.164794921875,597.7054443359375,0.00019200000679120421,0.9997000098228455
2024-04-27,,,63419.140625,3252.168212890625,595.7205200195312,0.0001900000061141327,0.9993939995765686
2024-04-28,,,63113.23046875,3262.774658203125,600.0711669921875,0.00018899999849963933,0.9997320175170898
2024-04-29,5116.169921875,88.26792907714844,63841.12109375,3215.428955078125,592.8312377929688,0.00019099999917671084,0.9997130036354065
2024-04-30,5035.68994140625,87.8547592163086,60636.85546875,3012.286865234375,578.488037109375,0.00018200000340584666,0.9991620182991028
2024-05-01,5018.39013671875,88.20267486572266,58254.01171875,2969.78466796875,561.408203125,0.00017499999376013875,0.9985569715499878
2024-05-02,5064.2001953125,88.6170883178711,59123.43359375,2988.16845703125,560.5267333984375,0.00017699999443721026,1.00005304813385
2024-05-03,5127.7900390625,89.10859680175781,62889.8359375,3103.5419921875,587.0104370117188,0.00018899999849963933,1.0005470514297485
2024-05-04,,,63891.47265625,3117.576416015625,585.8465576171875,0.00019200000679120421,1.000148057937622
2024-05-05,,,64031.1328125,3137.2490234375,592.140380859375,0.00019200000679120421,1.0002540349960327
2024-05-06,5180.740234375,89.18569946289062,63161.94921875,3062.728759765625,588.4759521484375,0.0001900000061141327,1.0000380277633667
2024-05-07,5187.7001953125,89.4170150756836,62334.81640625,3006.5771484375,577.4862060546875,0.00018699999782256782,1.0
2024-05-08,5187.669921875,89.16642761230469,61187.94140625,2973.6572265625,588.1974487304688,0.00018400000408291817,0.999584972858429
2024-05-09,5214.080078125,89.436279296875,63049.9609375,3036.0205078125,596.031982421875,0.00018899999849963933,0.9998679757118225
2024-05-10,5222.68017578125,89.14715576171875,60792.77734375,2909.791259765625,585.6221923828125,0.00018200000340584666,0.9998610019683838
2024-05-11,,,60793.7109375,2911.60205078125,592.0278930664062,0.00018200000340584666,0.9997590184211731
2024-05-12,,,61448.39453125,2928.701904296875,594.424560546875,0.0001849999971454963,0.9995660185813904
2024-05-13,5221.419921875,89.253173828125,62901.44921875,2949.359619140625,591.60693359375,0.00018899999849963933,0.9998559951782227
2024-05-14,5246.68017578125,89.51338195800781,61552.7890625,2881.157958984375,566.70703125,0.0001849999971454963,0.9995920062065125
2024-05-15,5308.14990234375,90.18801879882812,66267.4921875,3037.056640625,582.0743408203125,0.0001990000018849969,1.0005470514297485
2024-05-16,5297.10009765625,90.01454162597656,65231.58203125,2945.131103515625,569.1902465820312,0.000195999993593432,1.0000979900360107
2024-05-17,5303.27001953125,89.73504638671875,67051.875,3094.11865234375,581.1783447265625,0.0002010000025620684,1.0003999471664429
2024-05-18,,,66940.8046875,3122.948974609375,580.4811401367188,0.0002010000025620684,1.0002059936523438
2024-05-19,,,66278.3671875,3071.843017578125,574.6316528320312,0.0001990000018849969,0.9999120235443115
2024-05-20,5308.1298828125,89.6001205444336,71448.1953125,3663.85546875,600.6163330078125,0.00021399999968707561,1.0000979900360107
2024-05-21,5321.41015625,89.83141326904297,70136.53125,3789.312744140625,618.4204711914062,0.00021100000594742596,0.999879002571106
2024-05-22,5307.009765625,89.71576690673828,69122.3359375,3737.2177734375,614.671875,0.00020799999765586108,0.999455988407135
2024-05-23,5267.83984375,89.39772033691406,67929.5625,3776.92724609375,598.6708374023438,0.00020399999630171806,0.9995790123939514
2024-05-24,5304.72021484375,89.51338195800781,68526.1015625,3726.9345703125,600.2258911132812,0.00013699999544769526,0.999809980392456
2024-05-25,,,69265.9453125,3749.236572265625,602.1944580078125,0.00013899999612476677,0.9998850226402283
2024-05-26,,,68518.09375,3825.8974609375,599.825927734375,0.00013699999544769526,0.9995279908180237
2024-05-27,,,69394.5546875,3892.0068359375,603.5264282226562,0.00013899999612476677,0.9992120265960693
2024-05-28,5306.0400390625,89.0122299194336,68296.21875,3840.25634765625,601.2132568359375,0.00013699999544769526,0.9989020228385925
2024-05-29,5266.9501953125,88.57853698730469,67578.09375,3763.196533203125,594.9720458984375,0.00013499999477062374,0.9987620115280151
2024-05-30,5235.47998046875,89.0218734741211,68364.9921875,3746.849609375,595.0267944335938,0.00013699999544769526,0.9996579885482788
2024-05-31,5277.509765625,89.436279296875,67491.4140625,3760.026611328125,593.5223388671875,0.00013499999477062374,0.9989950060844421
2024-06-01,,,67706.9375,3813.198974609375,601.30419921875,0.00013499999477062374,0.9992920160293579
2024-06-02,,,67751.6015625,3780.89599609375,603.026611328125,0.00013499999477062374,0.9994029998779297
2024-06-03,5283.39990234375,90.02205657958984,68804.78125,3766.38916015625,626.4329833984375,0.00013800000306218863,0.9997990131378174
2024-06-04,5291.33984375,90.51502990722656,70567.765625,3812.515869140625,686.201416015625,0.00014099999680183828,1.0002180337905884
2024-06-05,5354.02978515625,90.84368896484375,71082.8203125,3864.260986328125,698.889404296875,0.00014200000441633165,1.0001139640808105
2024-06-06,5352.9599609375,90.8050308227539,70757.1640625,3811.60595703125,710.4640502929688,0.00014200000441633165,0.999521017074585
2024-06-07,5346.990234375,89.84805297851562,69342.5859375,3678.629150390625,683.3609619140625,0.00013899999612476677,0.9996240139007568
2024-06-08,,,69305.7734375,3680.949951171875,682.6651611328125,0.00013899999612476677,0.9999189972877502
2024-06-09,,,69647.9921875,3705.90380859375,673.3153076171875,0.00013899999612476677,0.9999039769172668
2024-06-10,5360.7900390625,89.65473175048828,69512.28125,3666.717529296875,624.3868408203125,0.00013899999612476677,0.999580979347229
2024-06-11,5375.31982421875,90.12837982177734,67332.03125,3498.33056640625,602.55810546875,0.00013499999477062374,0.9999409914016724
2024-06-12,5421.02978515625,90.63104248046875,68241.1875,3559.61767578125,619.19482421875,0.00013600000238511711,0.9996820092201233
2024-06-13,5433.740234375,91.23033905029297,66756.3984375,3469.28125,599.5150756835938,0.0001340000017080456,0.9996050000190735
2024-06-14,5431.60009765625,91.4429931640625,66011.09375,3480.27197265625,603.1805419921875,0.0001320000010309741,0.9994710087776184
2024-06-15,,,66191.0,3565.549560546875,607.8029174804688,0.0001320000010309741,0.9994670152664185
2024-06-16,,,66639.046875,3620.5634765625,610.0540161132812,0.00013299999409355223,0.9992930293083191
2024-06-17,5473.22998046875,91.01768493652344,66490.296875,3511.37890625,604.4673461914062,0.00013299999409355223,0.9996449947357178
2024-06-18,5487.02978515625,91.41400146484375,65140.74609375,3483.681396484375,588.7020874023438,0.00013000000035390258,0.9995499849319458
2024-06-19,,,64960.296875,3559.347412109375,598.771728515625,0.00013000000035390258,0.9997959733009338
2024-06-20,5473.169921875,91.1820068359375,64828.65625,3511.0869140625,587.107177734375,0.00013000000035390258,0.9993990063667297
2024-06-21,5464.6201171875,91.20135498046875,64096.19921875,3516.07568359375,585.9119262695312,0.00012799999967683107,0.9994789958000183
2024-06-22,,,64252.578125,3494.8134765625,590.7633666992188,0.0001289999927394092,0.9995729923248291
2024-06-23,,,63180.796875,3418.61181640625,577.2108764648438,0.00012599999899975955,0.999343991279602
2024-06-24,5447.8701171875,91.27867889404297,60277.4140625,3350.25634765625,567.578125,0.00012099999730708078,0.9994080066680908
2024-06-25,5469.2998046875,91.35601043701172,61804.640625,3395.029052734375,578.1034545898438,0.00012399999832268804,0.9998080134391785
2024-06-26,5477.89990234375,90.8050308227539,60811.27734375,3369.477294921875,572.4017944335938,0.00012199999764561653,0.9993240237236023
2024-06-27,5482.8701171875,91.00801849365234,61604.80078125,3444.800537109375,580.7982788085938,0.0001230000052601099,0.9985970258712769
2024-06-28,5460.47998046875,90.52471160888672,60320.13671875,3373.635986328125,566.4644775390625,0.00012099999730708078,0.9981369972229004
2024-06-29,,,60887.37890625,3372.9677734375,569.127685546875,0.00012199999764561653,0.9983659982681274
2024-06-30,,,62678.29296875,3432.88916015625,581.7711181640625,0.0001250000059371814,0.9984089732170105
2024-07-01,5475.08984375,89.85084533691406,62851.98046875,3440.341552734375,576.6869506835938,0.00012599999899975955,0.9989680051803589
2024-07-02,5509.009765625,90.19020080566406,62029.015625,3416.354736328125,578.9810791015625,0.00012399999832268804,0.9984530210494995
2024-07-03,5537.02001953125,90.79133605957031,60173.921875,3292.916748046875,556.5777587890625,0.00011999999696854502,0.9988530278205872
2024-07-04,,,56977.703125,3054.52197265625,513.9945068359375,0.0001140000022132881,0.9996610283851624
2024-07-05,5567.18994140625,91.29552459716797,56662.375,2981.5986328125,497.9958190917969,0.00011300000187475234,1.0000269412994385
2024-07-06,,,58303.5390625,3069.3779296875,527.6743774414062,0.00011700000322889537,1.0000979900360107
2024-07-07,,,55849.109375,2929.38720703125,490.6131286621094,0.00011200000153621659,0.9998319745063782
2024-07-08,5572.85009765625,91.32461547851562,56705.09765625,3018.73193359375,510.6142578125,0.00011300000187475234,0.9998189806938171
2024-07-09,5576.97998046875,91.19856262207031,58009.2265625,3064.032958984375,516.568115234375,0.00011600000289035961,1.000012993812561
2024-07-10,5633.91015625,91.28582000732422,57742.49609375,3102.21875,524.5165405273438,0.00011500000255182385,0.9998769760131836
2024-07-11,5584.5400390625,91.86756896972656,57344.9140625,3100.330810546875,525.1380615234375,0.00011500000255182385,1.00006902217865
2024-07-12,5615.35009765625,92.06148529052734,57899.46484375,3134.15869140625,533.75732421875,0.00011600000289035961,1.000223994255066
2024-07-13,,,59231.953125,3177.19873046875,532.3488159179688,0.00011800000356743112,1.0003000497817993
2024-07-14,,,60787.79296875,3244.0791015625,544.8187255859375,0.00012199999764561653,1.0002800226211548
2024-07-15,5631.22021484375,91.7706069946289,64870.15234375,3489.552734375,586.1410522460938,0.00013000000035390258,1.0007929801940918
2024-07-16,5667.2001953125,92.1778335571289,65097.1484375,3443.513427734375,576.583984375,0.00013000000035390258,1.0006259679794312
2024-07-17,5588.27001953125,92.2553939819336,64118.79296875,3388.75244140625,568.9127197265625,0.00012799999967683107,1.0001859664916992
2024-07-18,5544.58984375,91.99360656738281,63974.06640625,3426.258544921875,571.9515380859375,0.00012799999967683107,0.9998310208320618
2024-07-19,5505.0,91.70275115966797,66710.15625,3505.73486328125,593.7021484375,0.00013299999409355223,1.0005179643630981
2024-07-20,,,67163.6484375,3519.29541015625,593.5722045898438,0.0001340000017080456,1.0004470348358154
2024-07-21,,,68154.5234375,3536.60546875,601.8511962890625,0.00013600000238511711,1.0001909732818604
2024-07-22,5564.41015625,91.61547088623047,67585.25,3440.419921875,587.9177856445312,0.00013499999477062374,1.0004169940948486
2024-07-23,5555.740234375,91.683349609375,65927.671875,3481.995849609375,582.0995483398438,0.0001320000010309741,1.000161051750183
2024-07-24,5427.1298828125,91.479736328125,65372.1328125,3336.33935546875,574.5784912109375,0.00013099999341648072,0.9998220205307007
2024-07-25,5399.22021484375,91.683349609375,65777.2265625,3174.42724609375,570.71337890625,0.0001320000010309741,0.9998109936714172
2024-07-26,5459.10009765625,92.11966705322266,67912.0625,3275.951416015625,581.0779418945312,0.00013600000238511711,1.000175952911377
2024-07-27,,,67813.3359375,3247.60791015625,581.5888061523438,0.00013600000238511711,1.000087022781372
2024-07-28,,,68255.8671875,3271.464599609375,584.099609375,0.00013699999544769526,0.9999079704284668
2024-07-29,5463.5400390625,92.2748031616211,66819.9140625,3320.539306640625,574.642578125,0.0001340000017080456,0.9997950196266174
2024-07-30,5436.43994140625,92.46871185302734,66201.015625,3278.667724609375,587.6651000976562,0.0001320000010309741,0.9998300075531006
2024-07-31,5522.2998046875,93.14742279052734,64619.25,3231.295654296875,576.3681640625,0.0001289999927394092,0.9997329711914062
2024-08-01,5446.68017578125,93.54517364501953,65357.5,3201.564453125,575.146728515625,0.00013099999341648072,0.9991080164909363
2024-08-02,5346.56005859375,94.99420166015625,61415.06640625,2986.01318359375,542.9151611328125,0.0001230000052601099,0.9986749887466431
2024-08-03,,,60680.09375,2903.3857421875,529.4813232421875,0.00012099999730708078,0.9995989799499512
2024-08-04,,,58116.9765625,2686.39892578125,497.0390930175781,0.00011600000289035961,0.9996799826622009
2024-08-05,5186.330078125,95.0914535522461,53991.45703125,2417.206298828125,464.6269226074219,0.00010800000018207356,1.0003650188446045
2024-08-06,5240.02978515625,94.2453842163086,56034.31640625,2458.723876953125,484.3238220214844,0.00011200000153621659,1.0005730390548706
2024-08-07,5199.5,93.9050064086914,55027.4609375,2336.58935546875,474.2247619628906,0.00011000000085914508,1.0002729892730713
2024-08-08,5319.31005859375,93.62296295166016,61710.13671875,2683.352783203125,517.3375244140625,0.00012399999832268804,1.0002789497375488
2024-08-09,5344.16015625,94.00224304199219,60880.11328125,2599.5986328125,509.1827087402344,0.00012199999764561653,1.0005780458450317
2024-08-10,,,60945.8125,2610.02294921875,523.317626953125,0.00012199999764561653,1.0002110004425049
2024-08-11,,,58719.484375,2553.252197265625,503.8045349121094,0.00011800000356743112,1.0000449419021606
2024-08-12,5344.39013671875,94.26480865478516,59354.515625,2724.431884765625,518.5361328125,0.00011899999663000926,1.0001800060272217
2024-08-13,5434.43017578125,94.6830062866211,60609.56640625,2703.671875,524.1285400390625,0.00012099999730708078,1.0002659559249878
2024-08-14,5455.2099609375,94.80941772460938,58737.26953125,2662.914794921875,524.0153198242188,0.00011800000356743112,1.000290036201477
2024-08-15,5543.22021484375,94.21619415283203,57560.09765625,2570.087646484375,519.870361328125,0.00011500000255182385,1.000236988067627
2024-08-16,5554.25,94.4009780883789,58894.10546875,2593.1865234375,519.9686279296875,0.00011800000356743112,1.0002909898757935
2024-08-17,,,59478.97265625,2614.546875,542.2342529296875,0.00011899999663000926,1.0002089738845825
2024-08-18,,,58483.96484375,2613.357177734375,531.6085205078125,0.00011700000322889537,1.000641942024231
2024-08-19,5608.25,94.52738189697266,59493.453125,2637.306396484375,559.81884765625,0.00011899999663000926,1.000525951385498
2024-08-20,5597.1201171875,94.90667724609375,59012.79296875,2573.10693359375,569.2669677734375,0.00011800000356743112,1.0000460147857666
2024-08-21,5620.85009765625,95.10118103027344,61175.19140625,2631.3955078125,570.0197143554688,0.00012199999764561653,1.0003060102462769
2024-08-22,5570.64013671875,94.66354370117188,60381.9140625,2622.951416015625,583.0518798828125,0.00012099999730708078,1.0002280473709106
2024-08-23,5634.60986328125,95.10118103027344,64094.35546875,2764.447021484375,591.8060302734375,0.0001289999927394092,1.0008389949798584
2024-08-24,,,64178.9921875,2769.3896484375,580.76220703125,0.0001289999927394092,1.0004119873046875
2024-08-25,,,64333.54296875,2749.15771484375,574.2499389648438,0.0001289999927394092,1.0005450248718262
2024-08-26,5616.83984375,94.98446655273438,62880.66015625,2681.340576171875,548.8280029296875,0.00012599999899975955,1.000201940536499
2024-08-27,5625.7998046875,94.9455795288086,59504.1328125,2458.7265625,533.9758911132812,0.00011999999696854502,1.0003269910812378
2024-08-28,5592.18017578125,94.8969497680664,59027.625,2528.41552734375,536.816162109375,0.00011899999663000926,1.0001499652862549
2024-08-29,5591.9599609375,94.73162841796875,59388.1796875,2528.792724609375,536.6256713867188,0.00011899999663000926,1.0001590251922607
2024-08-30,5648.39990234375,94.4009780883789,59119.4765625,2525.822021484375,535.3157958984375,0.00011899999663000926,0.9998930096626282
2024-08-31,,,58969.8984375,2513.393798828125,532.89697265625,0.00011800000356743112,0.9998840093612671
2024-09-01,,,57325.48828125,2427.90234375,512.59521484375,0.00011500000255182385,1.0000059604644775
2024-09-02,,,59112.48046875,2538.187255859375,526.438720703125,0.00011899999663000926,0.9998949766159058
2024-09-03,5528.93017578125,95.02326965332031,57431.0234375,2420.603759765625,518.6689453125,0.00011600000289035961,0.9997509717941284
2024-09-04,5520.06982421875,95.5792465209961,57971.5390625,2448.97705078125,507.82049560546875,0.00011700000322889537,1.0000189542770386
2024-09-05,5503.41015625,95.8035888671875,56160.48828125,2367.737548828125,502.0693664550781,0.00011300000187475234,0.999754011631012
2024-09-06,5408.419921875,95.94015502929688,53948.75390625,2223.87646484375,486.9027404785156,0.00010800000018207356,0.9997419714927673
2024-09-07,,,54139.6875,2274.107177734375,493.22613525390625,0.00010900000052060932,0.9998499751091003
2024-09-08,,,54841.56640625,2297.29296875,503.0001525878906,0.00011000000085914508,0.99993497133255
2024-09-09,5471.0498046875,96.07670593261719,57019.53515625,2358.482177734375,518.5453491210938,0.00011500000255182385,1.0001449584960938
2024-09-10,5495.52001953125,96.48637390136719,57648.7109375,2389.5810546875,517.4838256835938,0.00011600000289035961,1.0000170469284058
2024-09-11,5554.1298828125,96.41810607910156,57343.171875,2339.841552734375,530.1940307617188,0.00011500000255182385,1.0001369714736938
2024-09-12,5595.759765625,96.26203918457031,58127.01171875,2361.78173828125,544.3037719726562,0.00011700000322889537,0.9999719858169556
2024-09-13,5626.02001953125,96.44735717773438,60571.30078125,2441.607177734375,557.01806640625,0.00012199999764561653,1.0007779598236084
2024-09-14,,,60005.12109375,2418.595703125,553.5650634765625,0.00012099999730708078,1.0002069473266602
2024-09-15,,,59182.8359375,2320.897216796875,553.9722900390625,0.00011899999663000926,1.000067949295044
2024-09-16,5633.08984375,96.70096588134766,58192.5078125,2295.28369140625,533.80908203125,0.00011700000322889537,0.9999369978904724
2024-09-17,5634.580078125,96.52539825439453,60308.5390625,2341.707763671875,546.0135498046875,0.00012099999730708078,1.0000879764556885
2024-09-18,5618.259765625,96.10597229003906,61649.6796875,2369.72900390625,559.0445556640625,0.00012399999832268804,1.0004349946975708
2024-09-19,5713.64013671875,96.02793884277344,62940.45703125,2464.752197265625,566.2235107421875,0.00012700000661425292,1.0001980066299438
2024-09-20,5702.5498046875,95.9986801147461,63192.9765625,2561.072021484375,568.5850830078125,0.00012700000661425292,1.0001109838485718
2024-09-21,,,63394.83984375,2615.857177734375,589.0379638671875,0.00012700000661425292,1.000309944152832
2024-09-22,,,63648.7109375,2582.862548828125,588.0869140625,0.00012799999967683107,1.0000879764556885
2024-09-23,5718.56982421875,95.94015502929688,63329.80078125,2648.54638671875,604.3660278320312,0.00012700000661425292,0.9999989867210388
2024-09-24,5732.93017578125,96.04744720458984,64301.96875,2654.35498046875,606.5230712890625,0.0001289999927394092,0.9999679923057556
2024-09-25,5722.259765625,95.65729522705078,63143.14453125,2579.388671875,587.3525390625,0.00012700000661425292,0.9998549818992615
2024-09-26,5745.3701171875,95.58899688720703,65181.01953125,2632.199951171875,596.7769165039062,0.00013099999341648072,1.0002429485321045
2024-09-27,5738.169921875,95.96940612792969,65790.6640625,2695.900634765625,607.8670043945312,0.0001320000010309741,1.0001790523529053
2024-09-28,,,65887.6484375,2677.5390625,601.5671997070312,0.0001320000010309741,1.0001859664916992
2024-09-29,,,65635.3046875,2659.346923828125,596.4111938476562,0.0001320000010309741,1.0001399517059326
2024-09-30,5762.47998046875,95.70606231689453,63329.5,2603.062744140625,567.2600708007812,0.00012700000661425292,0.999813973903656
2024-10-01,5708.75,96.0543212890625,60837.0078125,2448.921142578125,547.9971313476562,0.00012199999764561653,0.9997879862785339
2024-10-02,5709.5400390625,95.7803955078125,60632.78515625,2365.231689453125,542.7123413085938,0.00012199999764561653,0.9997509717941284
2024-10-03,5699.93994140625,95.2912826538086,60759.40234375,2349.791259765625,544.4249877929688,0.00012199999764561653,0.9999939799308777
2024-10-04,5751.06982421875,94.37171936035156,62067.4765625,2414.7939453125,555.3842163085938,0.0001250000059371814,1.0001510381698608
2024-10-05,,,62089.94921875,2415.6318359375,563.2091674804688,0.0001250000059371814,0.9999759793281555
2024-10-06,,,62818.953125,2439.957763671875,570.542724609375,0.00012599999899975955,0.9998459815979004
2024-10-07,5695.93994140625,94.02933502197266,62236.66015625,2421.796630859375,564.1497192382812,0.0001250000059371814,0.9999709725379944
2024-10-08,5751.1298828125,94.10759735107422,62131.96875,2439.8408203125,580.4038696289062,0.0001250000059371814,0.9994199872016907
2024-10-09,5792.0400390625,93.75542449951172,60582.1015625,2368.283447265625,570.2771606445312,0.00012199999764561653,0.9990710020065308
2024-10-10,5780.0498046875,93.74564361572266,60274.5,2383.85791015625,562.7257690429688,0.00012099999730708078,0.9992089867591858
2024-10-11,5815.02978515625,93.77499389648438,62445.08984375,2436.513427734375,572.8572387695312,0.00012599999899975955,0.9997559785842896
2024-10-12,,,63193.0234375,2476.523193359375,576.4497680664062,0.00012700000661425292,0.9997569918632507
2024-10-13,,,62851.375,2467.677001953125,571.8217163085938,0.00012599999899975955,0.9995570182800293
2024-10-14,5859.85009765625,93.60869598388672,66046.125,2628.89990234375,588.9004516601562,0.00013299999409355223,0.9995030164718628
2024-10-15,5815.259765625,94.08804321289062,67041.109375,2606.02197265625,594.189208984375,0.00013499999477062374,0.9998080134391785
2024-10-16,5842.47021484375,94.2347640991211,67612.71875,2611.10205078125,600.8178100585938,0.00013600000238511711,0.9998350143432617
2024-10-17,5841.47021484375,93.74564361572266,67399.8359375,2604.2734375,592.0396118164062,0.00013499999477062374,0.9996830224990845
2024-10-18,5864.669921875,93.85325622558594,68418.7890625,2641.55224609375,599.364990234375,0.00013800000306218863,0.9999079704284668
2024-10-19,,,68362.734375,2648.656982421875,597.9749145507812,0.00013699999544769526,0.9999489784240723
2024-10-20,,,69001.703125,2746.364013671875,605.517822265625,0.00013899999612476677,0.999701976776123
2024-10-21,5853.97998046875,93.12933349609375,67367.8515625,2665.712158203125,598.8175659179688,0.00013499999477062374,0.9998329877853394
2024-10-22,5851.2001953125,93.04132080078125,67361.40625,2620.197509765625,593.3606567382812,0.00013499999477062374,0.9993879795074463
2024-10-23,5797.419921875,92.82609558105469,66432.1953125,2509.098876953125,582.473388671875,0.0001340000017080456,0.9991940259933472
2024-10-24,5809.85986328125,93.03152465820312,68161.0546875,2534.49853515625,594.15478515625,0.00013699999544769526,0.9995070099830627
2024-10-25,5808.1201171875,92.82609558105469,66642.4140625,2435.93408203125,574.2536010742188,0.0001340000017080456,0.9981629848480225
2024-10-26,,,67014.6953125,2479.603271484375,582.8060913085938,0.00013499999477062374,0.9987220168113708
2024-10-27,,,67929.296875,2505.940673828125,588.7158203125,0.00013699999544769526,0.9987450242042542
2024-10-28,5823.52001953125,92.6108627319336,69907.7578125,2565.34814453125,600.5960693359375,0.00014000000373926014,0.999305009841919
2024-10-29,5832.919921875,92.65000915527344,72720.4921875,2637.95751953125,605.6682739257812,0.00014600000577047467,0.9997289776802063
2024-10-30,5813.669921875,92.5130615234375,72339.5390625,2657.37255859375,595.7278442382812,0.0001449999981559813,0.9996320009231567
2024-10-31,5705.4501953125,92.46414184570312,70215.1875,2515.79931640625,576.0344848632812,0.00014099999680183828,0.9986230134963989
2024-11-01,5728.7998046875,91.91658782958984,69482.46875,2511.885498046875,572.7622680664062,0.00014000000373926014,0.9994419813156128
2024-11-02,,,69289.2734375,2491.068603515625,568.0368041992188,0.00014000000373926014,0.9996569752693176
2024-11-03,,,68741.1171875,2456.42529296875,557.6416015625,0.00013800000306218863,0.9995909929275513
2024-11-04,5712.68994140625,92.40721893310547,67811.5078125,2397.0263671875,552.0711059570312,0.00013600000238511711,0.9995650053024292
2024-11-05,5782.759765625,92.45629119873047,69359.5625,2422.650634765625,563.612060546875,0.00014000000373926014,1.0000009536743164
2024-11-06,5929.0400390625,91.50444793701172,75639.078125,2724.169189453125,591.9952392578125,0.00015199999324977398,1.000830054283142
2024-11-07,5973.10009765625,92.24040985107422,75904.859375,2895.58544921875,598.4359130859375,0.00015300000086426735,1.0007150173187256
2024-11-08,5995.5400390625,92.4366683959961,76545.4765625,2962.296630859375,597.9484252929688,0.0001539999939268455,1.0004589557647705
2024-11-09,,,76778.8671875,3131.14453125,624.3746948242188,0.0001539999939268455,1.000440001487732
2024-11-10,,,80474.1875,3191.331298828125,628.302490234375,0.00016199999663513154,1.0006929636001587
2024-11-11,6001.35009765625,92.18153381347656,88701.484375,3374.81298828125,661.88720703125,0.00017800000205170363,1.0011160373687744
2024-11-12,5983.990234375,91.60257720947266,87955.8125,3246.25732421875,627.0038452148438,0.00017699999443721026,1.0009820461273193
2024-11-13,5985.3798828125,91.543701171875,90584.1640625,3192.595947265625,621.0003051757812,0.00018200000340584666,1.0012710094451904
2024-11-14,5949.169921875,91.53388977050781,87250.4296875,3058.94873046875,621.6801147460938,0.00017499999376013875,1.0000189542770386
2024-11-15,5870.6201171875,91.5731430053711,91066.0078125,3103.04052734375,618.866455078125,0.0001829999964684248,1.0003670454025269
2024-11-16,,,90558.4765625,3133.27392578125,622.3731689453125,0.00018200000340584666,1.0002599954605103
2024-11-17,,,89845.8515625,3075.66162109375,618.4000854492188,0.00018099999579135329,1.0002189874649048
2024-11-18,5893.6201171875,91.77920532226562,90542.640625,3207.8564453125,619.4354858398438,0.00018200000340584666,1.0005910396575928
2024-11-19,5916.97998046875,91.97547149658203,92343.7890625,3111.384033203125,615.9874267578125,0.00018600000475998968,1.0013370513916016
2024-11-20,5917.10986328125,91.83808135986328,94339.4921875,3072.18798828125,606.1174926757812,0.00018899999849963933,1.0007619857788086
2024-11-21,5948.7099609375,91.78901672363281,98504.7265625,3361.053955078125,622.8263549804688,0.00019799999427050352,1.001054048538208
2024-11-22,5969.33984375,91.84789276123047,98997.6640625,3331.600830078125,633.513427734375,0.0001990000018849969,1.0011210441589355
2024-11-23,,,97777.28125,3396.223388671875,651.197265625,0.00019700000120792538,1.0009260177612305
2024-11-24,,,98013.8203125,3363.659912109375,660.3175659179688,0.00019700000120792538,1.000862956047058
2024-11-25,5987.3701171875,92.83898162841797,93102.296875,3413.5439453125,636.6397094726562,0.00018699999782256782,0.9999889731407166
2024-11-26,6021.6298828125,92.64273834228516,91985.3203125,3326.517333984375,613.5872802734375,0.0001849999971454963,0.9996539950370789
2024-11-27,5998.740234375,93.01561737060547,95962.53125,3657.249267578125,644.948486328125,0.00019299999985378236,1.0009939670562744
2024-11-28,,,95652.46875,3579.8115234375,654.3616333007812,0.00019200000679120421,1.0001540184020996
2024-11-29,6032.3798828125,93.40814208984375,97461.5234375,3593.494384765625,654.8097534179688,0.000195999993593432,1.000365972518921
2024-11-30,,,96449.0546875,3705.705322265625,654.3291625976562,0.0001939999929163605,1.0006300210952759
2024-12-01,,,97279.7890625,3711.1650390625,655.9324951171875,0.000195999993593432,1.0007619857788086
2024-12-02,6047.14990234375,93.40025329589844,95865.3046875,3644.198486328125,647.594482421875,0.00019200000679120421,1.0003490447998047
2024-12-03,6049.8798828125,93.1344985961914,96002.1640625,3620.711669921875,737.6965942382812,0.00019299999985378236,1.0009859800338745
2024-12-04,6086.490234375,93.48884582519531,98768.53125,3841.3310546875,739.2527465820312,0.0001990000018849969,1.0013370513916016
2024-12-05,6075.10986328125,93.47899627685547,96593.5703125,3811.00830078125,714.3219604492188,0.0001939999929163605,1.0022239685058594
2024-12-06,6090.27001953125,93.7742919921875,99920.7109375,4005.810546875,732.0062866210938,0.0002010000025620684,1.001539945602417
2024-12-07,,,99923.3359375,4002.692626953125,750.2726440429688,0.0002010000025620684,1.000910997390747
2024-12-08,,,101236.015625,4005.70458984375,743.295654296875,0.00020199999562464654,1.0008009672164917
2024-12-09,6052.85009765625,93.44947814941406,97432.71875,3718.6904296875,689.9243774414062,0.000195999993593432,1.0004470348358154
2024-12-10,6034.91015625,93.28213500976562,96675.4296875,3631.833740234375,676.98291015625,0.0001939999929163605,1.0006979703903198
2024-12-11,6084.18994140625,93.00653076171875,101173.03125,3832.822021484375,711.8114013671875,0.00020300000323913991,1.0005509853363037
2024-12-12,6051.25,92.65218353271484,100043.0,3883.1015625,705.9442138671875,0.0002010000025620684,1.0001039505004883
2024-12-13,6051.08984375,92.21910095214844,101459.2578125,3911.205322265625,726.2548217773438,0.00020399999630171806,1.0001319646835327
2024-12-14,,,101372.96875,3868.4052734375,715.6956787109375,0.00020399999630171806,0.9997119903564453
2024-12-15,,,104298.6953125,3951.941162109375,719.13427734375,0.0002099999983329326,0.9994379878044128
2024-12-16,6074.080078125,92.24862670898438,106029.71875,3987.48095703125,720.3263549804688,0.00021300000662449747,1.0001410245895386
2024-12-17,6050.60986328125,92.24862670898438,106140.6015625,3886.76611328125,716.6824951171875,0.00021300000662449747,1.0000519752502441
2024-12-18,5872.16015625,91.5356216430664,100041.5390625,3618.791259765625,687.623779296875,0.0002010000025620684,0.9996659755706787
2024-12-19,5867.080078125,91.12083435058594,97490.953125,3417.927978515625,666.5693359375,0.000195999993593432,0.9991999864578247
2024-12-20,5930.85009765625,91.45661926269531,97755.9296875,3472.553466796875,678.0866088867188,0.00019700000120792538,0.9995260238647461
2024-12-21,,,97224.7265625,3337.222412109375,663.2794799804688,0.000195999993593432,0.9997699856758118
2024-12-22,,,95104.9375,3277.53515625,648.7047119140625,0.00019099999917671084,0.9990730285644531
2024-12-23,5974.06982421875,91.05171203613281,94686.2421875,3415.785400390625,693.000732421875,0.0001900000061141327,0.9987210035324097
2024-12-24,6040.0400390625,91.1010971069336,98676.09375,3492.0498046875,696.7411499023438,0.00019799999427050352,0.9993100166320801
2024-12-25,,,99299.1953125,3493.2353515625,702.3269653320312,0.00019999999494757503,0.9991679787635803
2024-12-26,6037.58984375,91.17021942138672,95795.515625,3331.225830078125,688.360107421875,0.00019200000679120421,0.9987840056419373
2024-12-27,5970.83984375,90.93321228027344,94164.859375,3328.9169921875,690.4293823242188,0.00018899999849963933,0.9986330270767212
2024-12-28,,,95163.9296875,3397.90234375,720.9590454101562,0.00019099999917671084,0.9981849789619446
2024-12-29,,,93530.2265625,3349.513427734375,693.7545166015625,0.0001880000054370612,0.9981480240821838
2024-12-30,5906.93994140625,91.46649169921875,92643.2109375,3356.392578125,704.1463012695312,0.00018600000475998968,0.9980729818344116
2024-12-31,5881.6298828125,91.29859924316406,93429.203125,3332.53173828125,700.9868774414062,0.0001880000054370612,0.9980779886245728
2025-01-01,,,94419.7578125,3353.504150390625,706.512939453125,0.0001900000061141327,0.9978430271148682
2025-01-02,5868.5498046875,91.34799194335938,96886.875,3451.392578125,705.6785888671875,0.00019500000053085387,0.999114990234375
2025-01-03,5942.47021484375,91.19984436035156,98107.4296875,3605.009765625,713.6435546875,0.00019700000120792538,0.9995020031929016
2025-01-04,,,98236.2265625,3657.706787109375,713.8411865234375,0.00019799999427050352,0.999983012676239
2025-01-05,,,98314.9609375,3634.103759765625,709.25830078125,0.00019799999427050352,0.9998540282249451
2025-01-06,5975.3798828125,91.11097717285156,102078.0859375,3688.611328125,729.4000854492188,0.00020500000391621143,1.000427007675171
2025-01-07,5909.02978515625,90.69620513916016,96922.703125,3381.577392578125,697.368896484375,0.00019500000053085387,0.9999240040779114
2025-01-08,5918.25,90.85420227050781,95043.5234375,3326.329345703125,695.837158203125,0.00019099999917671084,0.9997599720954895
2025-01-09,,,92484.0390625,3219.4306640625,685.1207275390625,0.00018600000475998968,0.9999650120735168
2025-01-10,5827.0400390625,90.19255828857422,94701.453125,3267.489990234375,693.6244506835938,0.0001900000061141327,0.9999110102653503
2025-01-11,,,94566.59375,3282.2177734375,696.6578369140625,0.0001900000061141327,0.9996119737625122
2025-01-12,,,94488.4375,3265.951171875,693.0482788085938,0.0001900000061141327,0.999534010887146
2025-01-13,5836.22021484375,90.0345458984375,94516.5234375,3135.499755859375,688.2675170898438,0.0001900000061141327,0.9995449781417847
2025-01-14,5842.91015625,90.06417083740234,96534.046875,3223.6845703125,698.6196899414062,0.0001939999929163605,0.9997929930686951
2025-01-15,5949.91015625,91.01221466064453,100504.4921875,3450.53759765625,714.0284423828125,0.00020199999562464654,1.0000330209732056
2025-01-16,5937.33984375,91.22947692871094,99756.90625,3308.34521484375,708.2980346679688,0.0002010000025620684,0.9998999834060669
2025-01-17,5996.66015625,91.29859924316406,104462.0390625,3474.107177734375,721.75048828125,0.00020900000527035445,1.000296950340271
2025-01-18,,,104408.0703125,3305.78955078125,709.4249877929688,0.0002099999983329326,0.9990590214729309
2025-01-19,,,101089.609375,3208.96435546875,682.2039794921875,0.00020300000323913991,0.9990329742431641
2025-01-20,,,102016.6640625,3278.035400390625,681.8033447265625,0.00020500000391621143,0.9989510178565979
2025-01-21,6049.240234375,91.60475158691406,106146.265625,3327.40625,691.8165893554688,0.00021300000662449747,0.9999179840087891
2025-01-22,6086.3701171875,91.36772155761719,103653.0703125,3240.224609375,694.9832153320312,0.00020799999765586108,0.9995419979095459
2025-01-23,6118.7099609375,91.1307144165039,103960.171875,3334.714111328125,690.2037353515625,0.00020900000527035445,1.0001579523086548
2025-01-24,6101.240234375,91.31835174560547,104819.484375,3309.554931640625,680.2131958007812,0.00021100000594742596,0.999891996383667
2025-01-25,,,104714.6484375,3317.26953125,686.2684936523438,0.0002099999983329326,0.9998819828033447
2025-01-26,,,102682.5,3236.13427734375,666.7637939453125,0.00020599999697878957,0.9996500015258789
2025-01-27,6012.27978515625,91.91088104248047,102087.6875,3178.92041015625,679.7933349609375,0.00020500000391621143,0.9999600052833557
2025-01-28,6067.7001953125,91.92076873779297,101332.4765625,3077.112548828125,661.424560546875,0.00020300000323913991,0.9996489882469177
2025-01-29,6039.31005859375,91.8121337890625,103703.2109375,3112.9990234375,667.6857299804688,0.00020900000527035445,1.0001399517059326
2025-01-30,6071.169921875,92.00962829589844,104735.3046875,3247.780029296875,677.5535888671875,0.00021100000594742596,1.0001219511032104
2025-01-31,6040.52978515625,91.86150360107422,102405.0234375,3298.26513671875,677.3753662109375,0.00020599999697878957,0.999770998954773
2025-02-01,,,100655.90625,3118.32861328125,653.4329223632812,0.00020199999562464654,0.9998430013656616
2025-02-02,,,97688.9765625,2868.69287109375,617.6006469726562,0.000195999993593432,0.9997599720954895
2025-02-03,5994.56982421875,91.92688751220703,101405.421875,2884.566650390625,617.1207885742188,0.00020399999630171806,1.0010509490966797
2025-02-04,6037.8798828125,92.15474700927734,97871.8203125,2735.05126953125,573.3278198242188,0.00019700000120792538,1.0001579523086548
2025-02-05,6061.47998046875,92.68972778320312,96615.4453125,2787.779052734375,569.7468872070312,0.0001939999929163605,1.0001319646835327
2025-02-06,6083.56982421875,92.58074188232422,96593.296875,2688.40087890625,572.2740478515625,0.0001939999929163605,1.0001699924468994
2025-02-07,6025.990234375,92.27363586425781,96529.0859375,2622.211181640625,578.0668334960938,0.0001939999929163605,1.0003050565719604
2025-02-08,,,96482.453125,2632.308349609375,613.32421875,0.0001939999929163605,1.000236988067627
2025-02-09,,,96500.09375,2628.72119140625,616.64208984375,0.0001939999929163605,1.0001939535140991
2025-02-10,6066.43994140625,92.25382232666016,97437.5546875,2661.166748046875,618.3145141601562,0.000195999993593432,1.0001349449157715
2025-02-11,6068.5,92.01605987548828,95747.4296875,2602.781982421875,642.5872802734375,0.00019299999985378236,0.9998599886894226
2025-02-12,6051.97021484375,91.38200378417969,97885.859375,2736.902099609375,698.037353515625,0.00019700000120792538,1.00006103515625
2025-02-13,6115.06982421875,92.06558990478516,96623.8671875,2675.902587890625,668.2775268554688,0.0001939999929163605,1.000161051750183
2025-02-14,6114.6298828125,92.45195770263672,97508.96875,2726.091552734375,658.0436401367188,0.000195999993593432,1.0000840425491333
2025-02-15,,,97580.3515625,2693.559814453125,662.3276977539062,0.000195999993593432,1.0001540184020996
2025-02-16,,,96175.03125,2663.31591796875,674.100830078125,0.00019299999985378236,1.0000849962234497
2025-02-17,,,95773.3828125,2743.19970703125,667.2290649414062,0.00019200000679120421,0.9999330043792725
2025-02-18,6129.580078125,91.95661163330078,95539.546875,2669.3388671875,647.443359375,0.00019200000679120421,0.9993789792060852
2025-02-19,6144.14990234375,92.10521697998047,96635.609375,2715.77099609375,653.5147094726562,0.0001939999929163605,0.9999290108680725
2025-02-20,6117.52001953125,92.29344940185547,98333.9375,2740.386474609375,657.2009887695312,0.00019799999427050352,1.000331997871399
2025-02-21,6013.1298828125,92.83833312988281,96125.546875,2659.655517578125,646.8995361328125,0.00019299999985378236,0.9995219707489014
2025-02-22,,,96577.7578125,2764.029296875,668.5747680664062,0.0001939999929163605,1.0002189874649048
2025-02-23,,,96273.921875,2821.310302734375,657.9036865234375,0.0001939999929163605,1.0001150369644165
2025-02-24,5983.25,93.03648376464844,91418.171875,2513.8212890625,613.9630126953125,0.00018400000408291817,0.999750018119812
2025-02-25,5955.25,93.76959991455078,88736.171875,2493.592529296875,622.9407958984375,0.00017800000205170363,0.9989879727363586
2025-02-26,5956.06005859375,94.02717590332031,84347.0234375,2331.45263671875,610.6930541992188,0.00016900000628083944,1.0001970529556274
2025-02-27,5861.56982421875,93.91819763183594,84704.2265625,2305.484375,605.1236572265625,0.00016999999934341758,0.9989799857139587
2025-02-28,5954.5,94.43336486816406,84373.0078125,2237.9052734375,587.4515991210938,0.00016999999934341758,0.9995290040969849
2025-03-01,,,86031.9140625,2216.643310546875,607.5115356445312,0.00017299999308306724,0.9994490146636963
2025-03-02,,,94248.3515625,2519.694580078125,622.9360961914062,0.00018899999849963933,1.0001250505447388
2025-03-03,5849.72021484375,94.77613830566406,86065.671875,2145.573974609375,575.1699829101562,0.00017299999308306724,0.9991940259933472
2025-03-04,5778.14990234375,94.47806549072266,87222.1953125,2170.01513671875,583.5868530273438,0.00017499999376013875,0.9996780157089233
2025-03-05,5842.6298828125,93.95147705078125,90623.5625,2241.977294921875,597.975830078125,0.00018200000340584666,0.9999439716339111
2025-03-06,5738.52001953125,93.90180969238281,89961.7265625,2202.476806640625,596.7237548828125,0.00018099999579135329,1.0001460313796997
2025-03-07,5770.2001953125,93.78257751464844,86742.671875,2138.987548828125,593.96337890625,0.0001740000006975606,0.9995579719543457
2025-03-08,,,86154.59375,2201.51025390625,593.0808715820312,0.00017299999308306724,0.9997190237045288
2025-03-09,,,80601.0390625,2015.5091552734375,554.5804443359375,0.00016199999663513154,0.9997329711914062
2025-03-10,5614.56005859375,94.4383316040039,78532.0,1861.1513671875,532.1218872070312,0.00015799999528098851,0.9996799826622009
2025-03-11,5572.06982421875,94.10051727294922,82862.2109375,1919.844970703125,551.4745483398438,0.00016599999798927456,0.9997760057449341
2025-03-12,5599.2998046875,93.82231903076172,83722.359375,1908.982666015625,569.8948364257812,0.00016799999866634607,0.9996870160102844
2025-03-13,5521.52001953125,94.19986724853516,81066.703125,1862.9696044921875,579.2188110351562,0.0001630000042496249,0.9996259808540344
2025-03-14,5638.93994140625,93.87199401855469,83969.1015625,1909.467529296875,587.1362915039062,0.00016900000628083944,1.0000289678573608
2025-03-15,,,84343.109375,1937.3946533203125,619.486083984375,0.00016999999934341758,1.0000439882278442
2025-03-16,,,82579.6875,1887.43505859375,602.2166137695312,0.00016599999798927456,1.0001120567321777
2025-03-17,5675.1201171875,93.95147705078125,84075.6875,1927.0029296875,631.3626098632812,0.00016900000628083944,1.0000309944152832
2025-03-18,5614.66015625,94.0607681274414,82718.5,1932.54345703125,628.1344604492188,0.00016599999798927456,0.9998000264167786
2025-03-19,5675.2900390625,94.34890747070312,86854.2265625,2057.7490234375,619.2575073242188,0.0001740000006975606,1.000290036201477
2025-03-20,5662.89013671875,94.48800659179688,84167.1953125,1982.099853515625,629.9424438476562,0.00016900000628083944,0.9994919896125793
2025-03-21,5667.56005859375,94.40852355957031,84043.2421875,1964.8475341796875,634.6077880859375,0.00016900000628083944,0.9996479749679565
2025-03-22,,,83832.484375,1980.037841796875,626.5744018554688,0.00016799999866634607,0.9998779892921448
2025-03-23,,,86054.375,2005.2991943359375,623.3494873046875,0.00017299999308306724,1.0000170469284058
2025-03-24,5767.56982421875,93.86206817626953,87498.9140625,2077.47900390625,636.64453125,0.00017600000137463212,1.000357985496521
2025-03-25,5776.64990234375,94.02102661132812,87471.703125,2067.76416015625,629.94287109375,0.00017600000137463212,1.0001879930496216
2025-03-26,5712.2001953125,93.80245208740234,86900.8828125,2009.1893310546875,617.8167724609375,0.00017499999376013875,1.0000519752502441
2025-03-27,5693.31005859375,93.72296142578125,87177.1015625,2002.357421875,637.2069702148438,0.00017499999376013875,0.9997180104255676
2025-03-28,5580.93994140625,94.47806549072266,84353.1484375,1895.5029296875,619.4749145507812,0.00016999999934341758,0.9995089769363403
2025-03-29,,,82597.5859375,1827.3203125,603.2378540039062,0.00016599999798927456,0.9995909929275513
2025-03-30,,,82334.5234375,1806.2186279296875,601.8302001953125,0.00016599999798927456,0.9998700022697449
2025-03-31,5611.85009765625,94.75627136230469,82548.9140625,1823.47998046875,605.0728149414062,0.00016599999798927456,0.9997680187225342
2025-04-01,5633.06982421875,95.08917999267578,85169.171875,1905.491455078125,611.297119140625,0.00017100000695791095,1.0
2025-04-02,5670.97021484375,94.99947357177734,82485.7109375,1795.313232421875,590.6375732421875,0.00016599999798927456,0.999796986579895
2025-04-03,5396.52001953125,95.97628021240234,83102.828125,1815.63720703125,592.1244506835938,0.00016700000560376793,0.999567985534668
2025-04-04,5074.080078125,96.24539947509766,83843.8046875,1815.335205078125,597.5794067382812,0.00016900000628083944,0.9996160268783569
2025-04-05,,,83504.796875,1805.9732666015625,593.1148681640625,0.00016799999866634607,0.9995840191841125
2025-04-06,,,78214.484375,1576.72802734375,554.5949096679688,0.00015700000221841037,0.9992759823799133
2025-04-07,5062.25,95.09915161132812,79235.3359375,1555.240966796875,554.4833984375,0.00015900000289548188,0.9997730255126953
2025-04-08,4982.77001953125,94.62071228027344,76271.953125,1472.5531005859375,553.4674072265625,0.00015300000086426735,0.9989749789237976
2025-04-09,5456.89990234375,94.32168579101562,82573.953125,1668.0400390625,582.3693237304688,0.00016599999798927456,0.9996860027313232
2025-04-10,5268.0498046875,93.73361206054688,79626.140625,1522.518798828125,577.4059448242188,0.00015999999595806003,0.9992910027503967
2025-04-11,5363.35986328125,93.2053451538086,83404.8359375,1567.1497802734375,586.0889892578125,0.0001630000042496249,0.9994919896125793
2025-04-12,,,85287.109375,1643.528564453125,597.123046875,0.0001630000042496249,0.9998840093612671
2025-04-13,,,83684.9765625,1596.685791015625,584.04248046875,0.0001630000042496249,0.9996529817581177
2025-04-14,5405.97021484375,93.95289611816406,84542.390625,1622.7698974609375,584.335205078125,0.0001630000042496249,0.9996989965438843
2025-04-15,5396.6298828125,94.23198699951172,83668.9921875,1588.6324462890625,579.68603515625,0.0001630000042496249,0.9998840093612671
2025-04-16,5275.7001953125,94.6406478881836,84033.8671875,1578.1053466796875,582.8062133789062,0.0001630000042496249,0.9999459981918335
2025-04-17,5282.7001953125,94.37152862548828,84895.75,1582.54833984375,590.1621704101562,0.0001630000042496249,0.99993497133255
2025-04-18,,,84450.8046875,1588.9246826171875,591.7638549804688,,0.9997379779815674
2025-04-19,,,85063.4140625,1612.9228515625,591.7767944335938,,0.999879002571106
2025-04-20,,,85174.3046875,1587.5142822265625,592.972412109375,,0.9999120235443115
2025-04-21,5158.2001953125,93.86318969726562,87518.90625,1579.7344970703125,597.4141845703125,,0.9999399781227112
2025-04-22,5287.759765625,93.9329605102539,93441.890625,1757.3316650390625,618.8269653320312,,1.00027596950531
2025-04-23,5375.85986328125,94.03263092041016,93699.109375,1796.104248046875,605.8150024414062,,1.0002959966659546
2025-04-24,5484.77001953125,94.54096984863281,93943.796875,1769.8316650390625,601.7158203125,,1.0002739429473877
2025-04-25,5525.2099609375,94.8998031616211,94720.5,1786.634521484375,600.1810302734375,,1.0006020069122314
2025-04-26,,,94646.9296875,1821.881103515625,607.7041015625,,1.0003360509872437
2025-04-27,,,93754.84375,1792.864990234375,603.6184692382812,,1.0003470182418823
2025-04-28,5528.75,95.27855682373047,94978.75,1798.851806640625,606.364990234375,,1.0002670288085938
2025-04-29,5560.830078125,95.60748291015625,94284.7890625,1799.1756591796875,601.0289916992188,,1.0003050565719604
